{"name":"5ea7ce40-5d77-4a16-babf-153070fc0d5c","id":"/providers/Microsoft.Flow/flows/5ea7ce40-5d77-4a16-babf-153070fc0d5c","type":"Microsoft.Flow/flows","properties":{"apiId":"/providers/Microsoft.PowerApps/apis/shared_logicflows","displayName":"Daily Solution File Backup Solution","definition":{"metadata":{"workflowEntityId":null,"creator":{"id":"e31acc29-2d2a-4459-a4bf-13cb1b27ecb8","type":"User","tenantId":"b403cda8-9143-4b9c-9888-c1f6fb8dcc5c"},"provisioningMethod":"FromDefinition","failureAlertSubscription":true,"clientLastModifiedTime":"2018-12-24T12:07:55.2850888Z"},"$schema":"https://schema.management.azure.com/providers/Microsoft.Logic/schemas/2016-06-01/workflowdefinition.json#","contentVersion":"1.0.0.0","parameters":{"$authentication":{"defaultValue":{},"type":"SecureObject"}},"triggers":{"Recurrence_-_Daily_Solution_Export":{"recurrence":{"frequency":"Day","interval":1},"type":"Recurrence"}},"actions":{"RequestOAuth2Token":{"runAfter":{"Set_Target_Action_Name":["Succeeded"]},"type":"Http","inputs":{"method":"POST","uri":"https://login.microsoftonline.com/common/oauth2/token","headers":{"Content-Type":"application/x-www-form-urlencoded"},"body":"grant_type=password&\nclient_id=@{variables('client_id')}&\nresource=@{variables('resource')}&\nusername=@{variables('username')}&\npassword=@{variables('password')}"},"description":"Get an OAuth token required to authenticate to Web API"},"Set_client_id_":{"runAfter":{},"type":"InitializeVariable","inputs":{"variables":[{"name":"client_id","type":"String"}]},"description":"Set application id after registering in Azure AD"},"Set_Microsoft_Dynamics_365_URL":{"runAfter":{"Set_client_id_":["Succeeded"]},"type":"InitializeVariable","inputs":{"variables":[{"name":"resource","type":"String"}]}},"Set_username":{"runAfter":{"Set_Web_API_Base_URL":["Succeeded"]},"type":"InitializeVariable","inputs":{"variables":[{"name":"username","type":"String"}]},"description":"Microsoft Dynamics 365 username"},"Set_password":{"runAfter":{"Set_username":["Succeeded"]},"type":"InitializeVariable","inputs":{"variables":[{"name":"password","type":"String"}]},"description":"Microsoft Dynamics 365 password"},"Set_Web_API_Base_URL":{"runAfter":{"Set_Microsoft_Dynamics_365_URL":["Succeeded"]},"type":"InitializeVariable","inputs":{"variables":[{"name":"Web API Base URL","type":"String","value":"@{variables('resource')}/api/data/v9.0/"}]}},"Parse_JSON":{"runAfter":{"HTTP_-_Execute_Solution_Export_over_Web_API":["Succeeded"]},"type":"ParseJson","inputs":{"content":"@body('HTTP_-_Execute_Solution_Export_over_Web_API')","schema":{"type":"object","properties":{"@@odata.context":{"type":"string"},"ExportSolutionFile":{"type":"string"}}}}},"Set_Target_Action_Name":{"runAfter":{"Set_Is_Managed_Solution_":["Succeeded"]},"type":"InitializeVariable","inputs":{"variables":[{"name":"Target Action Name","type":"String","value":"/ExportSolution"}]}},"Set_target_Solution_unique_name_":{"runAfter":{"Set_password":["Succeeded"]},"type":"InitializeVariable","inputs":{"variables":[{"name":"TargetSolutionUniqueName","type":"String","value":"Dyn365ExtCourse"}]},"description":"Set target business records FetchXML query"},"Set_Is_Managed_Solution_":{"runAfter":{"Set_target_folder_for_Solution_file":["Succeeded"]},"type":"InitializeVariable","inputs":{"variables":[{"name":"isManagedSolution","type":"Boolean","value":false}]}},"HTTP_-_Execute_Solution_Export_over_Web_API":{"runAfter":{"RequestOAuth2Token":["Succeeded"]},"type":"Http","inputs":{"method":"POST","uri":"@{variables('Web API Base URL')}@{variables('Target Action Name')}","headers":{"Authorization":"Bearer @{body('RequestOAuth2Token').access_token}","OData-MaxVersion":"4.0","OData-Version":"4.0","Accept":"application/json","Content-Type":"application/json; charset=utf-8"},"body":{"SolutionName":"@{variables('TargetSolutionUniqueName')}","Managed":false}}},"Set_target_folder_for_Solution_file":{"runAfter":{"Set_target_Solution_unique_name_":["Succeeded"]},"type":"InitializeVariable","inputs":{"variables":[{"name":"Set target folder","type":"String","value":"/msdyn365 solutions"}]}}},"outputs":{}},"connectionReferences":{},"flowFailureAlertSubscribed":false}}